ref   	text             	parse      	lemma       	pre      	gloss
1.1   	ΚΑΙ              	C          	καί         	         	And
1.2   	ἦν               	V9  IAI3S  	εἰμί        	         	was
1.3   	ἀνὴρ             	N3  NSM    	ἀνήρ        	         	a man
1.4   	οἰκῶν            	V2  PAPNSM 	οἰκέω       	         	dwelling
1.5   	ἐν               	P          	ἐν          	         	in
1.6   	Βαβυλῶνι,        	N3W DSF    	Βαβυλών     	         	Babylon,
1.7   	καὶ              	C          	καί         	         	and
1.8   	ὄνομα            	N3M NSN    	ὄνομα       	         	name
1.9   	αὐτῷ             	RD  DSM    	αὐτός       	         	to him
1.10  	Ἰωακείμ.         	N   NSM    	Ιωακιμ      	         	Joakim.
2.1   	καὶ              	C          	καί         	         	and
2.2   	ἔλαβεν           	VBI AAI3S  	λαμβάνω     	         	he took
2.3   	γυναῖκα          	N3K ASF    	γυνή        	         	a wife,
2.4   	ᾗ                	RR  DSF    	ὅς          	         	to whom
2.5   	ὄνομα            	N3M ASN    	ὄνομα       	         	name
2.6   	Σουσάννα,        	N   NSF    	Σουσαννα    	         	Susanna,
2.7   	θυγάτηρ          	N3  NSF    	θυγάτηρ     	         	daughter
2.8   	Χελκείου,        	N   GSM    	Χελκιας     	         	of Hilkiah,
2.9   	καλὴ             	A1  NSF    	καλός       	         	beautiful
2.10  	σφόδρα           	D          	σφόδρα      	         	very much
2.11  	καὶ              	C          	καί         	         	and
2.12  	φοβουμένη        	V2  PMPNSF 	φοβέω       	         	fearing
2.13  	τὸν              	RA  ASM    	ὁ           	         	the
2.14  	κύριον.          	N2  ASM    	κύριος      	         	Lord.
3.1   	καὶ              	C          	καί         	         	and
3.2   	οἱ               	RA  NPM    	ὁ           	         	the
3.3   	γονεῖς           	N3V NPM    	γονεύς      	         	parents
3.4   	αὐτῆς            	RD  GSF    	αὐτός       	         	of her
3.5   	δίκαιοι,         	A1A NPM    	δίκαιος     	         	righteous,
3.6   	καὶ              	C          	καί         	         	and
3.7   	ἐδίδαξαν         	VAI AAI3P  	διδάσκω     	         	they taught
3.8   	τὴν              	RA  ASF    	ὁ           	         	the
3.9   	θυγατέρα         	N3  ASF    	θυγάτηρ     	         	daughter
3.10  	αὐτῶν            	RD  GPM    	αὐτός       	         	of them
3.11  	κατὰ             	P          	κατά        	         	according to
3.12  	τὸν              	RA  ASM    	ὁ           	         	the
3.13  	νόμον            	N2  ASM    	νόμος       	         	law
3.14  	Μωυσῆ.           	N1M GSM    	Μωυσῆς      	         	of Moses.
4.1   	καὶ              	C          	καί         	         	And
4.2   	ἦν               	V9  IAI3S  	εἰμί        	         	was
4.3   	Ἰωακεὶμ          	N   NSM    	Ιωακιμ      	         	Joakim
4.4   	πλούσιος         	A1A NSM    	πλούσιος    	         	rich
4.5   	σφόδρα,          	D          	σφόδρα      	         	very much,
4.6   	καὶ              	C          	καί         	         	and
4.7   	ἦν               	V9  IAI3S  	εἰμί        	         	was
4.8   	αὐτῷ             	RD  DSM    	αὐτός       	         	to him
4.9   	παράδεισος       	N2  NSM    	παράδεισος  	         	a garden
4.10  	γειτνιῶν         	V3  PAPNSM 	γειτνιάω    	         	neighbouring {takes dative complement}
4.11  	τῷ               	RA  DSM    	ὁ           	         	to the
4.12  	οἴκῳ             	N2  DSM    	οἶκος       	         	house
4.13  	αὐτοῦ·           	RD  GSM    	αὐτός       	         	of him.
4.14  	καὶ              	C          	καί         	         	and
4.15  	πρὸς             	P          	πρός        	         	to
4.16  	αὐτὸν            	RD  ASM    	αὐτός       	         	him
4.17  	προσήγοντο       	V1I IMI3P  	ἄγω         	προς     	were brought
4.18  	οἱ               	RA  NPM    	ὁ           	         	the
4.19  	Ἰουδαῖοι,        	N2  NPM    	Ἰουδαῖος    	         	Jews,
4.20  	διὰ              	P          	διά         	         	because
4.21  	τὸ               	RA  ASN    	ὁ           	         	the
4.22  	εἶναι            	V9  PAN    	εἰμί        	         	to be
4.23  	αὐτὸν            	RD  ASM    	αὐτός       	         	him
4.24  	ἐνδοξότερον      	A1B ASMC   	ἔνδοξος     	         	more esteemed
4.25  	πάντων.          	A3  GPM    	πᾶς         	         	(than) all.
5.1   	Καὶ              	C          	καί         	         	and
5.2   	ἀπεδείχθησαν     	VCI API3P  	δεικνύω     	ἀπο      	were appointed
5.3   	δύο              	M   NDM    	δύο         	         	two
5.4   	πρεσβύτεροι      	N2  NPM    	πρεσβύτερος 	         	elders
5.5   	ἐκ               	P          	ἐκ          	         	of
5.6   	τοῦ              	RA  GSM    	ὁ           	         	the
5.7   	λαοῦ             	N2  GSM    	λαός        	         	people
5.8   	κριταὶ           	N1M NPM    	κριτής      	         	judges
5.9   	ἐν               	P          	ἐν          	         	in
5.10  	τῷ               	RA  DSM    	ὁ           	         	the
5.11  	ἐνιαυτῷ          	N2  DSM    	ἐνιαυτός    	         	year
5.12  	ἐκείνῳ,          	RD  DSM    	ἐκεῖνος     	         	that,
5.13  	περὶ             	P          	περί        	         	about
5.14  	ὧν               	RR  GPM    	ὅς          	         	whom
5.15  	ἐλάλησεν         	VAI AAI3S  	λαλέω       	         	he said
5.16  	ὁ                	RA  NSM    	ὁ           	         	the
5.17  	δεσπότης         	N1M NSM    	δεσπότης    	         	Lord,
5.18  	ὅτι              	C          	ὅτι         	         	that
5.19  	ἐξῆλθεν          	VBI AAI3S  	ἔρχομαι     	ἐκ       	came
5.20  	ἀνομία           	N1A NSF    	ἀνομία      	         	wickedness
5.21  	ἐκ               	P          	ἐκ          	         	from
5.22  	Βαβυλῶνος        	N3W GSF    	Βαβυλών     	         	Babylon
5.23  	ἐκ               	P          	ἐκ          	         	from
5.24  	πρεσβυτέρων      	N2  GPM    	πρεσβύτερος 	         	elder
5.25  	κριτῶν           	N1M GPM    	κριτής      	         	judges,
5.26  	οἳ               	RR  NPM    	ὅς          	         	who
5.27  	ἐδόκουν          	V2I IAI3P  	δοκέω       	         	were seeming
5.28  	κυβερνᾷν         	V3  PAN    	κυβερνάω    	         	to govern
5.29  	τὸν              	RA  ASM    	ὁ           	         	the
5.30  	λαόν.            	N2  ASM    	λαός        	         	people.
6.1   	οὗτοι            	RD  NPM    	οὗτος       	         	these
6.2   	προσεκαρτέρουν   	V2I IAI3P  	καρτερέω    	προς     	were persisting obstinately
6.3   	ἐν               	P          	ἐν          	         	in
6.4   	τῇ               	RA  DSF    	ὁ           	         	the
6.5   	οἰκίᾳ            	N1A DSF    	οἰκία       	         	house
6.6   	Ἰωακείμ,         	N   GSM    	Ιωακιμ      	         	of Joakim,
6.7   	καὶ              	C          	καί         	         	and
6.8   	ἤρχοντο          	V1I IMI3P  	ἔρχομαι     	         	were coming
6.9   	πρὸς             	P          	πρός        	         	to
6.10  	αὐτοὺς           	RD  APM    	αὐτός       	         	them
6.11  	πάντες           	A3  NPM    	πᾶς         	         	all
6.12  	οἱ               	RA  NPM    	ὁ           	         	the
6.13  	κρινόμενοι.      	V1  PMPNPM 	κρίνω       	         	being adjudicated.
7.1   	καὶ              	C          	καί         	         	and
7.2   	ἐγένετο          	VBI AMI3S  	γίγνομαι    	         	came to be
7.3   	ἡνίκα            	D          	ἡνίκα       	         	when
7.4   	ἀπέτρεχεν        	V1I IAI3S  	τρέχω       	ἀπο      	ran off
7.5   	ὁ                	RA  NSM    	ὁ           	         	the
7.6   	λαὸς             	N2  NSM    	λαός        	         	people
7.7   	μέσον            	A1  ASM    	μέσος       	         	middle
7.8   	ἡμέρας,          	N1A GSF    	ἡμέρα       	         	of day,
7.9   	εἰσεπορεύετο     	V1I IMI3S  	πορεύομαι   	εἰς      	was going into
7.10  	Σουσάννα         	N   NSF    	Σουσαννα    	         	Susanna
7.11  	καὶ              	C          	καί         	         	and
7.12  	περιεπάτει       	V2I IAI3S  	πατέω       	περι     	was walking up and down
7.13  	ἐν               	P          	ἐν          	         	in
7.14  	τῷ               	RA  DSM    	ὁ           	         	the
7.15  	παραδείσῳ        	N2  DSM    	παράδεισος  	         	garden
7.16  	τοῦ              	RA  GSM    	ὁ           	         	of the
7.17  	ἀνδρὸς           	N3  GSM    	ἀνήρ        	         	husband
7.18  	αὐτῆς.           	RD  GSF    	αὐτός       	         	of her.
8.1   	καὶ              	C          	καί         	         	And
8.2   	ἐθεώρουν         	V2I IAI3P  	θεωρέω      	         	were seeing
8.3   	αὐτὴν            	RD  ASF    	αὐτός       	         	her
8.4   	οἱ               	RA  NPM    	ὁ           	         	the
8.5   	δύο              	M   NDM    	δύο         	         	two
8.6   	πρεσβύτεροι      	N2  NPM    	πρεσβύτερος 	         	elders
8.7   	καθ’             	P          	κατά        	         	(day) by
8.8   	ἡμέραν           	N1A ASF    	ἡμέρα       	         	day
8.9   	εἰσπορευομένην   	V1  PMPASF 	πορεύομαι   	εἰς      	going in to
8.10  	καὶ              	C          	καί         	         	and
8.11  	περιπατοῦσαν,    	V2  PAPASF 	πατέω       	περι     	walking up and down,
8.12  	καὶ              	C          	καί         	         	and
8.13  	ἐγένοντο         	VBI AMI3P  	γίγνομαι    	         	they came to be
8.14  	ἐν               	P          	ἐν          	         	in
8.15  	ἐπιθυμίᾳ         	N1A DSF    	ἐπιθυμία    	         	lust {ἐπιθυμέω takes gen of object of desire}
8.16  	αὐτῆς.           	RD  GSF    	αὐτός       	         	of her.
9.1   	καὶ              	C          	καί         	         	and
9.2   	διέστρεψαν       	VAI AAI3P  	στρέφω      	δια      	twisted
9.3   	τὸν              	RA  ASM    	ὁ           	         	the
9.4   	ἑαυτῶν           	RD  GPM    	ἑαυτοῦ      	         	of them
9.5   	νοῦν,            	N2C ASM    	νοῦς        	         	mind,
9.6   	καὶ              	C          	καί         	         	and
9.7   	ἐξέκλιναν        	VAI AAI3P  	κλίνω       	ἐκ       	turned away
9.8   	τοὺς             	RA  APM    	ὁ           	         	the
9.9   	ὀφθαλμοὺς        	N2  APM    	ὀφθαλμός    	         	eyes
9.10  	αὐτῶν            	RD  GPM    	αὐτός       	         	of them
9.11  	τοῦ              	RA  GSN    	ὁ           	         	of the @@@
9.12  	μὴ               	D          	μή          	         	not
9.13  	βλέπειν          	V1  PAN    	βλέπω       	         	to be looking
9.14  	εἰς              	P          	εἰς         	         	to
9.15  	τὸν              	RA  ASM    	ὁ           	         	the
9.16  	οὐρανὸν          	N2  ASM    	οὐρανός     	         	heaven
9.17  	μηδὲ             	C          	μηδέ        	         	not
9.18  	μνημονεύειν      	V1  PAN    	μνημονεύω   	         	to be remembering
9.19  	κριμάτων         	N3M GPN    	κρίμα       	         	of judgements
9.20  	δικαίων.         	A1A GPN    	δίκαιος     	         	just.
10.1  	καὶ              	C          	καί         	         	and
10.2  	ἦσαν             	V9  IAI3P  	εἰμί        	         	were
10.3  	ἀμφότεροι        	A1  NPM    	ἄμφότεροι   	         	both
10.4  	κατανενυγμένοι   	VM  XMPNPM 	νύσσω       	κατα     	stabbed {figuratively}
10.5  	περὶ             	P          	περί        	         	concerning
10.6  	αὐτῆς,           	RD  GSF    	αὐτός       	         	her,
10.7  	καὶ              	C          	καί         	         	and
10.8  	οὐκ              	D          	οὐ          	         	not
10.9  	ἀνήγγειλαν       	VAI AAI3P  	ἀγγέλλω     	ἀνα      	they reported
10.10 	ἀλλήλοις         	RD  DPM    	ἀλλήλω      	         	to one other
10.11 	τὴν              	RA  ASF    	ὁ           	         	the
10.12 	ὀδύνην           	N1  ASF    	ὀδύνη       	         	pain
10.13 	ἑαυτῶν·          	RD  GPM    	αὐτός       	         	of them;
11.1  	ὅτι              	C          	ὅτι         	         	that
11.2  	ᾐσχύνοντο        	V1I IMI3P  	αἰσχύνω     	         	they were feeling ashamed
11.3  	ἀναγγεῖλαι       	VA  AAN    	ἀγγέλλω     	ἀνα      	to report
11.4  	τὴν              	RA  ASF    	ὁ           	         	the
11.5  	ἐπιθυμίαν        	N1A ASF    	ἐπιθυμία    	         	lust
11.6  	αὐτῶν            	RD  GPM    	αὐτός       	         	of them
11.7  	ὅτι              	C          	ὅτι         	         	that
11.8  	ἤθελον           	V1I IAI3P  	θέλω        	         	they were wishing
11.9  	συγγενέσθαι      	VB  AMN    	γίγνομαι    	συν      	to have intercourse
11.10 	αὐτῇ.            	RD  DSF    	αὐτός       	         	with her.
12.1  	καὶ              	C          	καί         	         	and
12.2  	παρετηροῦσαν     	V2I IAI3P  	τηρέω       	παρα     	they were watching closely
12.3  	φιλοτίμως        	D          	φιλοτίμως   	         	ambitiously
12.4  	καθ’             	P          	κατά        	         	(day) by
12.5  	ἡμέραν           	N1A ASF    	ἡμέρα       	         	day
12.6  	ὁρᾷν             	V3  PAN    	ὁράω        	         	to see
12.7  	αὐτήν.           	RD  ASF    	αὐτός       	         	her.
13.1  	καὶ              	C          	καί         	         	and
13.2  	εἶπαν            	VAI AAI3P  	εἶπον       	         	they said
13.3  	ἕτερος           	A1A NSM    	ἕτερος      	         	one
13.4  	τῷ               	RA  DSM    	ὁ           	         	to the
13.5  	ἑτέρῳ            	A1A DSM    	ἕτερος      	         	other:
13.6  	Πορευθῶμεν       	VC  APS1P  	πορεύομαι   	         	let us go
13.7  	δὴ               	X          	δή          	         	now
13.8  	εἰς              	P          	εἰς         	         	to
13.9  	οἶκον,           	N2  ASM    	οἶκος       	         	house,
13.10 	ὅτι              	C          	ὅτι         	         	because
13.11 	ἀρίστου          	N2N GSN    	ἄριστον     	         	of breakfast
13.12 	ὥρα              	N1A NSF    	ὥρα         	         	hour
13.13 	ἐστίν·           	V9  PAI3S  	εἰμί        	         	it is;
13.14 	καὶ              	C          	καί         	         	And
13.15 	ἐξελθόντες       	VB  AAPNPM 	ἔρχομαι     	ἐκ       	having gone out
13.16 	διεχωρίσθησαν    	VSI API3P  	χωρίζω      	δια      	they were separated
13.17 	ἀπ’              	P          	ἀπό         	         	from
13.18 	ἀλλήλων.         	RD  GPM    	ἀλλήλω      	         	each other.
14.1  	καὶ              	C          	καί         	         	and
14.2  	ἀνακάμψαντες     	VA  AAPNPM 	κάμπτω      	ἀνα      	having turned back
14.3  	ἦλθον            	VBI AAI3P  	ἔρχομαι     	         	they came
14.4  	ἐπὶ              	P          	ἐπί         	         	to
14.5  	τὸ               	RA  ASN    	ὁ           	         	the
14.6  	αὐτό,            	RD  ASN    	αὐτός       	         	same (place),
14.7  	καὶ              	C          	καί         	         	and
14.8  	ἀνετάζοντες      	V1  PAPNPM 	ἐτάζω       	ἀνα      	examining
14.9  	ἀλλήλους         	RD  APM    	ἀλλήλω      	         	each other
14.10 	τὴν              	RA  ASF    	ὁ           	         	the
14.11 	αἰτίαν           	N1A ASF    	αἰτία       	         	cause
14.12 	ὡμολόγησαν       	VAI AAI3P  	ὁμολογέω    	         	they admitted
14.13 	τὴν              	RA  ASF    	ὁ           	         	the
14.14 	ἐπιθυμίαν        	N1A ASF    	ἐπιθυμία    	         	lust
14.15 	αὐτῶν·           	RD  GPM    	αὐτός       	         	of her;
14.16 	καὶ              	C          	καί         	         	and
14.17 	τότε             	D          	τότε        	         	then
14.18 	κοινῇ            	A1  DSF    	κοινός      	         	(adv?) together
14.19 	συνετάξαντο      	VAI AMI3P  	τάσσω       	συν      	they arranged
14.20 	καιρὸν           	N2  ASM    	καιρός      	         	a time
14.21 	ὅτε              	D          	ὅτε         	         	when
14.22 	αὐτὴν            	RD  ASF    	αὐτός       	         	her
14.23 	δυνήσονται       	VF  FMI3P  	δύναμαι     	         	they will be able
14.24 	εὑρεῖν           	VB  AAN    	εὑρίσκω     	         	to find
14.25 	μόνην.           	A1  ASF    	μόνος       	         	alone.
15.1  	καὶ              	C          	καί         	         	and
15.2  	ἐγένετο          	VBI AMI3S  	γίγνομαι    	         	it came to be
15.3  	ἐν               	P          	ἐν          	         	in
15.4  	τῷ               	RA  DSN    	ὁ           	         	the
15.5  	παρατηρεῖν       	V2  PAN    	τηρέω       	παρα     	to watch closely
15.6  	αὐτοὺς           	RD  APM    	αὐτός       	         	them
15.7  	ἡμέραν           	N1A ASF    	ἡμέρα       	         	day
15.8  	εὔθετον          	A1B ASF    	εὔθετος     	         	well arranged
15.9  	εἰσῆλθέν         	VBI AAI3S  	ἔρχομαι     	εἰς      	she entered
15.10 	ποτε             	D          	ποτέ        	         	at some time
15.11 	καθὼς            	C          	ὡς          	κατα     	as {check lemma}
15.12 	ἐχθὲς            	D          	ἐχθὲς       	         	yesterday
15.13 	καὶ              	C          	καί         	         	and
15.14 	τρίτης           	A1  GSF    	τρίτος      	         	of third
15.15 	ἡμέρας           	N1A GSF    	ἡμέρα       	         	day
15.16 	μετὰ             	P          	μετά        	         	with
15.17 	δύο              	M   GDN    	δύο         	         	two
15.18 	μόνων            	A1  GPN    	μόνος       	         	only
15.19 	κορασίων,        	N2N GPN    	κοράσιον    	         	maids,
15.20 	καὶ              	C          	καί         	         	and
15.21 	ἐπεθύμησε        	VAI AAI3S  	θυμέω       	ἐπι      	desired
15.22 	λούσασθαι        	VA  AMN    	λούω        	         	to wash
15.23 	ἐν               	P          	ἐν          	         	in
15.24 	τῷ               	RA  DSM    	ὁ           	         	the
15.25 	παραδείσῳ,       	N2  DSM    	παράδεισος  	         	garden,
15.26 	ὅτι              	C          	ὅτι         	         	because
15.27 	καῦμα            	N3M NSN    	καῦμα       	         	burning heat
15.28 	ἦν.              	V9  IAI3S  	εἰμί        	         	it was.
16.1  	καὶ              	C          	καί         	         	and
16.2  	οὐκ              	D          	οὐ          	         	not
16.3  	ἦν               	V9  IAI3S  	εἰμί        	         	was
16.4  	ἐκεῖ             	D          	ἐκεῖ        	         	there
16.5  	οὐδεὶς           	A3  NSM    	οὐδείς      	         	no one
16.6  	πλὴν             	D          	πλήν        	         	except
16.7  	οἱ               	RA  NPM    	ὁ           	         	the
16.8  	δύο              	M   NDM    	δύο         	         	two
16.9  	πρεσβύτεροι      	N2  NPM    	πρεσβύτερος 	         	elders
16.10 	κεκρυμμένοι      	VP  XMPNPM 	κρύπτω      	         	having hidden
16.11 	καὶ              	C          	καί         	         	and
16.12 	παρατηροῦντες    	V2  PAPNPM 	τηρέω       	παρα     	watching closely
16.13 	αὐτήν.           	RD  ASF    	αὐτός       	         	her.
17.1  	καὶ              	C          	καί         	         	and
17.2  	εἶπεν            	VBI AAI3S  	εἶπον       	         	she said
17.3  	τοῖς             	RA  DPN    	ὁ           	         	to the
17.4  	κορασίοις        	N2N DPN    	κοράσιον    	         	maids:
17.5  	Ἐνέγκατε         	VA  AAD2P  	φέρω        	         	bring
17.6  	δή               	X          	δή          	         	now
17.7  	μοι              	RP  DS     	ἐγώ         	         	to me
17.8  	ἔλαιον           	N2N ASN    	ἔλαιον      	         	olive oil
17.9  	καὶ              	C          	καί         	         	and
17.10 	σμήγματα,        	N3M APN    	σμῆγμα      	         	soaps,
17.11 	καὶ              	C          	καί         	         	and
17.12 	τὰς              	RA  APF    	ὁ           	         	the
17.13 	θύρας            	N1A APF    	θύρα        	         	doors
17.14 	τοῦ              	RA  GSM    	ὁ           	         	of
17.15 	παραδείσου       	N2  GSM    	παράδεισος  	         	the garden
17.16 	κλείσατε,        	VA  AAD2P  	κλείω       	         	shut,
17.17 	ὅπως             	C          	ὅπως        	         	so
17.18 	λούσωμαι.        	VA  AMS1S  	λούω        	         	I may bathe (myself).
18.1  	καὶ              	C          	καί         	         	and
18.2  	ἐποίησαν         	VAI AAI3P  	ποιέω       	         	they did
18.3  	καθὼς            	C          	ὡς          	κατα     	as
18.4  	εἶπεν,           	VBI AAI3S  	εἶπον       	         	she said,
18.5  	καὶ              	C          	καί         	         	and
18.6  	ἀπέκλεισαν       	VAI AAI3P  	κλείω       	ἀπο      	closed off
18.7  	τὰς              	RA  APF    	ὁ           	         	the
18.8  	θύρας            	N1A APF    	θύρα        	         	doors
18.9  	τοῦ              	RA  GSM    	ὁ           	         	of the
18.10 	παραδείσου,      	N2  GSM    	παράδεισος  	         	garden,
18.11 	καὶ              	C          	καί         	         	and
18.12 	ἐξῆλθαν          	VAI AAI3P  	ἔρχομαι     	         	went
18.13 	κατὰ             	P          	κατά        	         	according to
18.14 	τὰς              	RA  APF    	ὁ           	         	the
18.15 	πλαγίας          	A1A APF    	πλάγιος     	         	side
18.16 	θύρας            	N1A APF    	θύρα        	         	doors
18.17 	ἐνέγκαι          	VA  AAN    	φέρω        	         	to carry
18.18 	τὰ               	RA  APN    	ὁ           	         	the
18.19 	προστεταγμένα    	VK  XMPAPN 	τάσσω       	προς     	having been ordered
18.20 	αὐταῖς,          	RD  DPF    	αὐτός       	         	by her,
18.21 	καὶ              	C          	καί         	         	and
18.22 	οὐκ              	D          	οὐ          	         	not
18.23 	εἴδοσαν          	VBI AAI3P  	ὁράω        	         	they saw
18.24 	τοὺς             	RA  APM    	ὁ           	         	the
18.25 	πρεσβυτέρους,    	N2  APM    	πρεσβύτερος 	         	elders,
18.26 	ὅτι              	C          	ὅτι         	         	because
18.27 	ἦσαν             	V9  IAI3P  	εἰμί        	         	they were
18.28 	κεκρυμμένοι.     	VP  XMPNPM 	κρύπτω      	         	hiding.
19.1  	καὶ              	C          	καί         	         	and
19.2  	ἐγένετο          	VBI AMI3S  	γίγνομαι    	         	it came to be
19.3  	ὡς               	C          	ὡς          	         	as
19.4  	ἐξήλθοσαν        	VBI AAI3P  	ἔρχομαι     	ἐκ       	went out
19.5  	τὰ               	RA  APN    	ὁ           	         	the {shouldn't that be nominative?}
19.6  	κοράσια,         	N2N APN    	κοράσιον    	         	maids {shouldn't that be nominative?},
19.7  	καὶ              	C          	καί         	         	and
19.8  	ἀνέστησαν        	VHI AAI3P  	ἵστημι      	ἀνα      	stood up
19.9  	οἱ               	RA  NPM    	ὁ           	         	the
19.10 	δύο              	M   NDM    	δύο         	         	two
19.11 	πρεσβῦται        	N1M NPM    	πρεσβύτης   	         	old men
19.12 	καὶ              	C          	καί         	         	and
19.13 	ἐπέδραμον        	VBI AAI3P  	τρέχω       	ἐπι      	ran to
19.14 	αὐτῇ,            	RD  DSF    	αὐτός       	         	her,
20.1  	καὶ              	C          	καί         	         	and
20.2  	εἶπον            	VBI AAI3P  	εἶπον       	         	they said:
20.3  	Ἰδοὺ             	VB  AMD2S  	ὁράω        	         	behold
20.4  	αἱ               	RA  NPF    	ὁ           	         	the
20.5  	θύραι            	N1A NPF    	θύρα        	         	doors
20.6  	τοῦ              	RA  GSM    	ὁ           	         	of the
20.7  	παραδείσου       	N2  GSM    	παράδεισος  	         	garden
20.8  	κέκλεινται,      	VM  XMI3P  	κλείω       	         	have been closed,
20.9  	καὶ              	C          	καί         	         	and
20.10 	οὐδεὶς           	A3  NSM    	οὐδείς      	         	no one
20.11 	θεωρεῖ           	V2  PAI3S  	θεωρέω      	         	sees
20.12 	ἡμᾶς,            	RP  AP     	ἐγώ         	         	us,
20.13 	καὶ              	C          	καί         	         	and
20.14 	ἐν               	P          	ἐν          	         	in
20.15 	ἐπιθυμίᾳ         	N1A DSF    	ἐπιθυμία    	         	lust
20.16 	σού              	RP  GS     	σύ          	         	with you
20.17 	ἐσμεν·           	V9  PAI1P  	εἰμί        	         	we are;
20.18 	διὸ              	C          	διό         	         	therefore
20.19 	συνκατάθου       	VE  AMD2S  	τίθημι      	συν κατα 	consent
20.20 	ἡμίν,            	RP  DP     	ἐγώ         	         	to us,
20.21 	καὶ              	C          	καί         	         	and
20.22 	γενοῦ            	VB  AMD2S  	γίγνομαι    	         	be
20.23 	μεθ’             	P          	μετά        	         	with
20.24 	ἡμῶν.            	RP  GP     	ἐγώ         	         	us.
21.1  	εἰ               	C          	εἰ          	         	if
21.2  	δὲ               	X          	δέ          	         	but
21.3  	μή,              	D          	μή          	         	not,
21.4  	καταμαρτυρήσομέν 	VF  FAI1P  	μαρτυρέω    	κατα     	we will testify against
21.5  	σου              	RP  GS     	σύ          	         	you
21.6  	ὅτι              	C          	ὅτι         	         	that
21.7  	ἦν               	V9  IAI3S  	εἰμί        	         	was
21.8  	μετὰ             	P          	μετά        	         	with
21.9  	σοῦ              	RP  GS     	σύ          	         	you
21.10 	νεανίσκος,       	N2  NSM    	νεανίσκος   	         	a young man,
21.11 	καὶ              	C          	καί         	         	and
21.12 	διὰ              	P          	διά         	         	because of
21.13 	τοῦτο            	RD  ASN    	οὗτος       	         	this
21.14 	ἐξαπέστειλας     	VAI AAI2S  	στέλλω      	ἐκ ἀπο   	you sent away
21.15 	τὰ               	RA  APN    	ὁ           	         	the
21.16 	κοράσια          	N2N APN    	κοράσιον    	         	maids
21.17 	ἀπὸ              	P          	ἀπό         	         	from
21.18 	σου.             	RP  GS     	σύ          	         	you.
22.1  	καὶ              	C          	καί         	         	and
22.2  	ἀνεστέναξεν      	VAI AAI3S  	στενάζω     	ἀνα      	groaned
22.3  	Σουσάννα         	N   NSF    	Σουσαννα    	         	Susanna
22.4  	καὶ              	C          	καί         	         	and
22.5  	εἶπεν            	VBI AAI3S  	εἶπον       	         	said:
22.6  	Στενά            	A1  NPN    	στενός      	         	narrow
22.7  	μοι              	RP  DS     	ἐγώ         	         	to me
22.8  	πάντοθεν·        	D          	πάντοθεν    	         	from every side;
22.9  	ἐάν              	C          	ἐάν         	         	if
22.10 	τε               	X          	τε          	         	-
22.11 	γὰρ              	X          	γάρ         	         	for
22.12 	τοῦτο            	RD  ASN    	οὗτος       	         	this
22.13 	πράξω,           	VA  AAS1S  	πράσσω      	         	I do,
22.14 	θάνατός          	N2  NSM    	θάνατος     	         	death
22.15 	μοί              	RP  DS     	ἐγώ         	         	to me
22.16 	ἐστιν·           	V9  PAI3S  	εἰμί        	         	it is;
22.17 	ἐάν              	C          	ἐάν         	         	if
22.18 	τε               	X          	τε          	         	-
22.19 	μὴ               	D          	μή          	         	not
22.20 	πράξω,           	VA  AAS1S  	πράσσω      	         	I do,
22.21 	οὐκ              	D          	οὐ          	         	not
22.22 	ἐκφεύξομαι       	VF  FMI1S  	φεύγω       	ἐκ       	I will escape
22.23 	τὰς              	RA  APF    	ὁ           	         	the
22.24 	χεῖρας           	N3  APF    	χείρ        	         	hand
22.25 	ὑμῶν.            	RP  GP     	σύ          	         	of you.
23.1  	αἱρετόν          	A1  NSN    	αἱρετός     	         	better
23.2  	μοί              	RP  DS     	ἐγώ         	         	for me
23.3  	ἐστιν            	V9  PAI3S  	εἰμί        	         	it is
23.4  	μὴ               	D          	μή          	         	not
23.5  	πράξασαν         	VA  AAPASF 	πράσσω      	         	having done it
23.6  	ἐνπεσεῖν         	VB  AAN    	πίπτω       	ἐν       	to fall
23.7  	εἰς              	P          	εἰς         	         	into
23.8  	τὰς              	RA  APF    	ὁ           	         	the
23.9  	χεῖρας           	N3  APF    	χείρ        	         	hands
23.10 	ὑμῶν             	RP  GP     	σύ          	         	of you
23.11 	ἢ                	C          	ἤ           	         	than
23.12 	ἁμαρτεῖν         	VB  AAN    	ἁμαρτάνω    	         	to sin
23.13 	ἐνώπιον          	D   P      	ἐνώπιον     	         	before
23.14 	Κυρίου.          	N2  GSM    	κύριος      	         	(the) Lord.
24.1  	καὶ              	C          	καί         	         	and
24.2  	ἀνεβόησεν        	VAI AAI3S  	βοάω        	ἀνα      	shouted out
24.3  	φωνῇ             	N1  DSF    	φωνή        	         	with voice
24.4  	μεγάλῃ           	A1  DSF    	μέγας       	         	loud
24.5  	Σουσάννα·        	N   NSF    	Σουσαννα    	         	Susanna;
24.6  	ἐβόησαν          	VAI AAI3P  	βοάω        	         	shouted
24.7  	δὲ               	X          	δέ          	         	.
24.8  	καὶ              	C          	καί         	         	also {adverb?}
24.9  	οἱ               	RA  NPM    	ὁ           	         	the
24.10 	δύο              	M   NDM    	δύο         	         	two
24.11 	πρεσβῦται        	N1M NPM    	πρεσβύτης   	         	old men
24.12 	κατέναντι        	D          	κατέναντι   	         	against {prep?}
24.13 	αὐτῆς.           	RD  GSF    	αὐτός       	         	her.
25.1  	καὶ              	C          	καί         	         	and
25.2  	δραμὼν           	VB  AAPNSM 	τρέχω       	         	having ran
25.3  	ὁ                	RA  NSM    	ὁ           	         	the
25.4  	εἷς              	M   NSM    	εἷς         	         	one
25.5  	ἤνοιξεν          	VAI AAI3S  	οἴγω        	ἀνα      	he opened
25.6  	τὰς              	RA  APF    	ὁ           	         	the
25.7  	θύρας            	N1A APF    	θύρα        	         	door
25.8  	τοῦ              	RA  GSM    	ὁ           	         	of the
25.9  	παραδείσου.      	N2  GSM    	παράδεισος  	         	garden.
26.1  	ὡς               	C          	ὡς          	         	so when
26.2  	δὲ               	X          	δέ          	         	then
26.3  	ἤκουσαν          	VAI AAI3P  	ἀκούω       	         	heard
26.4  	τὴν              	RA  ASF    	ὁ           	         	the
26.5  	κραυγὴν          	N1  ASF    	κραυγή      	         	shouting
26.6  	ἐν               	P          	ἐν          	         	in
26.7  	τῷ               	RA  DSM    	ὁ           	         	the
26.8  	παραδείσῳ        	N2  DSM    	παράδεισος  	         	garden
26.9  	οἱ               	RA  NPM    	ὁ           	         	those
26.10 	ἐκ               	P          	ἐκ          	         	of
26.11 	τῆς              	RA  GSF    	ὁ           	         	the
26.12 	οἰκίας,          	N1A GSF    	οἰκία       	         	house,
26.13 	εἰσεπήδησαν      	VAI AAI3P  	πηδάω       	εἰς      	they leapt in
26.14 	διὰ              	P          	διά         	         	through
26.15 	τῆς              	RA  GSF    	ὁ           	         	the
26.16 	πλαγίας          	A1A GSF    	πλάγιος     	         	side
26.17 	θύρας            	N1A GSF    	θύρα        	         	door
26.18 	ἰδεῖν            	VB  AAN    	ὁράω        	         	to see
26.19 	τὸ               	RA  ASN    	ὁ           	         	what
26.20 	συμβεβηκὸς       	VX  XAPASN 	βαίνω       	συν      	had happened
26.21 	αὐτῇ.            	RD  DSF    	αὐτός       	         	to her.
27.1  	ἡνίκα            	D          	ἡνίκα       	         	When
27.2  	δὲ               	X          	δέ          	         	but
27.3  	εἶπαν            	VAI AAI3P  	εἶπον       	         	they said
27.4  	οἱ               	RA  NPM    	ὁ           	         	the
27.5  	πρεσβῦται        	N1M NPM    	πρεσβύτης   	         	old men
27.6  	τοὺς             	RA  APM    	ὁ           	         	the
27.7  	λόγους           	N2  APM    	λόγος       	         	statements
27.8  	αὐτῶν,           	RD  GPM    	αὐτός       	         	of them,
27.9  	κατῃσχύνθησαν    	VCI API3P  	αἰσχύνω     	κατα     	were ashamed
27.10 	οἱ               	RA  NPM    	ὁ           	         	the
27.11 	δοῦλοι           	N2  NPM    	δοῦλος      	         	slaves
27.12 	σφόδρα,          	D          	σφόδρα      	         	very much,
27.13 	ὅτι              	C          	ὅτι         	         	because
27.14 	πώποτε           	D          	πώποτε      	         	ever yet    } never
27.15 	οὐκ              	D          	οὐ          	         	not         }
27.16 	ἐρρέθη           	VC  API3S  	εἶπον       	         	were made
27.17 	λόγος            	N2  NSM    	λόγος       	         	statements
27.18 	τοιοῦτος         	A1  NSM    	τοιοῦτος    	         	of this sort
27.19 	περὶ             	P          	περί        	         	about
27.20 	Σουσάννης.       	N   GSF    	Σουσαννα    	         	Susanna.
28.1  	καὶ              	C          	καί         	         	and
28.2  	ἐγένετο          	VBI AMI3S  	γίγνομαι    	         	it came to be
28.3  	τῇ               	RA  DSF    	ὁ           	         	the
28.4  	ἐπαύριον         	D          	αὔριον      	ἐπι      	next day
28.5  	ὡς               	C          	ὡς          	         	when
28.6  	συνῆλθεν         	VBI AAI3S  	ἔρχομαι     	συν      	came together
28.7  	ὁ                	RA  NSM    	ὁ           	         	the
28.8  	λαὸς             	N2  NSM    	λαός        	         	people
28.9  	πρὸς             	P          	πρός        	         	to
28.10 	τὸν              	RA  ASM    	ὁ           	         	the
28.11 	ἄνδρα            	N3  ASM    	ἀνήρ        	         	husband
28.12 	αὐτῆς            	RD  GSF    	αὐτός       	         	of her
28.13 	Ἰωακείμ,         	N   ASM    	Ιωακιμ      	         	Joakim,
28.14 	ἦλθον            	VBI AAI3P  	ἔρχομαι     	         	came
28.15 	οἱ               	RA  NPM    	ὁ           	         	the
28.16 	δύο              	M   NDM    	δύο         	         	two
28.17 	πρεσβῦται        	N1M NPM    	πρεσβύτης   	         	old men
28.18 	πλήρεις          	A3H NPM    	πλήρης      	         	full
28.19 	τῆς              	RA  GSF    	ὁ           	         	of the
28.20 	ἀνόμου           	A1B GSF    	ἄνομος      	         	lawless
28.21 	ἐννοίας          	N1A GSF    	ἔννοια      	         	thought
28.22 	κατὰ             	P          	κατά        	         	against
28.23 	Σουσάννης        	N   GSF    	Σουσαννα    	         	Susanna
28.24 	τοῦ              	RA  GSN    	ὁ           	         	of the
28.25 	θανατῶσαι        	VA  AAN    	θανατόω     	         	to death putting
28.26 	αὐτήν,           	RD  ASF    	αὐτός       	         	her,
28.27 	καὶ              	C          	καί         	         	and
28.28 	εἶπαν            	VAI AAI3P  	εἶπον       	         	they said
28.29 	ἔμπροσθεν        	P          	ἔμπροσθεν   	         	before
28.30 	τοῦ              	RA  GSM    	ὁ           	         	the
28.31 	λαοῦ             	N2  GSM    	λαός        	         	people:
29.1  	Ἀποστείλατε      	VA  AAD2P  	στέλλω      	ἀπο      	Send
29.2  	ἐπὶ              	P          	ἐπί         	         	for
29.3  	Σουσάνναν        	N   ASF    	Σουσαννα    	         	Susanna
29.4  	θυγατέρα         	N3  ASF    	θυγάτηρ     	         	daughter
29.5  	Χελκίου          	N   GSM    	Χελκιας     	         	of Hilkiah
29.6  	ἥ                	RR  NSF    	ὅς          	         	who
29.7  	ἐστιν            	V9  PAI3S  	εἰμί        	         	is
29.8  	γυνὴ             	N3K NSF    	γυνή        	         	wife
29.9  	Ἰωακείμ.         	N   GSM    	Ιωακιμ      	         	of Joakim.
29.10 	οἱ               	RA  NPM    	ὁ           	         	they
29.11 	δὲ               	X          	δέ          	         	-
29.12 	ἀπέστειλαν.      	VAI AAI3P  	στέλλω      	ἀπο      	sent (for her).
30.1  	καὶ              	C          	καί         	         	and
30.2  	ἦλθεν            	VBI AAI3S  	ἔρχομαι     	         	came
30.3  	αὐτὴ             	RD  NSF    	αὐτός       	         	she
30.4  	καὶ              	C          	καί         	         	and
30.5  	οἱ               	RA  NPM    	ὁ           	         	the
30.6  	γονεῖς           	N3V NPM    	γονεύς      	         	parents
30.7  	αὐτῆς            	RD  GSF    	αὐτός       	         	of her
30.8  	καὶ              	C          	καί         	         	and
30.9  	τὰ               	RA  NPN    	ὁ           	         	the
30.10 	τέκνα            	N2N NPN    	τέκνον      	         	children
30.11 	αὐτῆς            	RD  GSF    	αὐτός       	         	of her
30.12 	καὶ              	C          	καί         	         	and
30.13 	πάντες           	A3  NPM    	πᾶς         	         	all
30.14 	οἱ               	RA  NPM    	ὁ           	         	the
30.15 	συγγενεῖς        	A3H NPM    	συγγενής    	         	relatives
30.16 	αὐτῆς.           	RD  GSF    	αὐτός       	         	of her.
31.1  	ἡ                	RA  NSF    	ὁ           	         	-
31.2  	δὲ               	X          	δέ          	         	Now
31.3  	Σουσάννα         	N   NSF    	Σουσαννα    	         	Susanna
31.4  	ἦν               	V9  IAI3S  	εἰμί        	         	was
31.5  	τρυφερὰ          	A1A NSF    	τρυφερός    	         	delicate
31.6  	σφόδρα           	D          	σφόδρα      	         	very
31.7  	καὶ              	C          	καί         	         	and
31.8  	καλὴ             	A1  NSF    	καλός       	         	beautiful
31.9  	τῷ               	RA  DSN    	ὁ           	         	in
31.10 	εἴδει.           	N3E DSN    	εἶδος       	         	form.
32.1  	οἱ               	RA  NPM    	ὁ           	         	the
32.2  	δὲ               	X          	δέ          	         	and
32.3  	παράνομοι        	A1B NPM    	παράνομος   	         	lawless ones
32.4  	ἐκέλευσαν        	VAI AAI3P  	κελεύω      	         	ordered
32.5  	ἀποκαλυφθῆναι    	VV  APN    	καλύπτω     	ἀπο      	to reveal
32.6  	αὐτήν,           	RD  ASF    	αὐτός       	         	herself,
32.7  	ἦν               	V9  IAI3S  	εἰμί        	         	she was
32.8  	γὰρ              	X          	γάρ         	         	for
32.9  	κατακεκαλυμμένη, 	VM  XMPNSF 	καλύπτω     	κατα     	covered up (NSF),
32.10 	ὅπως             	C          	ὅπως        	         	in order
32.11 	ἐμπλησθῶσιν      	VS  APS3P  	πίμπλημι    	ἐν       	they were filled (+gen)
32.12 	τοῦ              	RA  GSN    	ὁ           	         	of
32.13 	κάλλους          	N3E GSN    	κάλλος      	         	beauty
32.14 	αὐτῆς.           	RD  GSF    	αὐτός       	         	of her.
33.1  	ἔκλαιον          	V1I IAI3P  	κλαίω       	         	wept
33.2  	δὲ               	X          	δέ          	         	-
33.3  	οἱ               	RA  NPM    	ὁ           	         	the
33.4  	παρ’             	P          	παρά        	         	companions
33.5  	αὐτῆς            	RD  GSF    	αὐτός       	         	of her
33.6  	καὶ              	C          	καί         	         	and
33.7  	πάντες           	A3  NPM    	πᾶς         	         	all
33.8  	οἱ               	RA  NPM    	ὁ           	         	the
33.9  	ἰδόντες          	VB  AAPNPM 	ὁράω        	         	looking
33.10 	αὐτήν.           	RD  ASF    	αὐτός       	         	at her.
34.1  	ἀναστάντες       	VH  AAPNPM 	ἵστημι      	ἀνα      	having stood up
34.2  	δὲ               	X          	δέ          	         	then
34.3  	οἱ               	RA  NPM    	ὁ           	         	the
34.4  	δύο              	M   NDM    	δύο         	         	two
34.5  	πρεσβῦται        	N1M NPM    	πρεσβύτης   	         	old men
34.6  	ἐν               	P          	ἐν          	         	in
34.7  	μέσῳ             	A1  DSM    	μέσος       	         	midst (of)
34.8  	τῷ               	RA  DSM    	ὁ           	         	the
34.9  	λαῷ              	N2  DSM    	λαός        	         	people
34.10 	ἔθηκαν           	VAI AAI3P  	τίθημι      	         	put (laid)
34.11 	τὰς              	RA  APF    	ὁ           	         	(their)
34.12 	χεῖρας           	N3  APF    	χείρ        	         	hands
34.13 	ἐπὶ              	P          	ἐπί         	         	on
34.14 	τὴν              	RA  ASF    	ὁ           	         	the
34.15 	κεφαλὴν          	N1  ASF    	κεφαλή      	         	head
34.16 	αὐτῆς·           	RD  GSF    	αὐτός       	         	of her;
35.1  	ἡ                	RA  NSF    	ὁ           	         	She
35.2  	δὲ               	X          	δέ          	         	(and)
35.3  	κλαίουσα         	V1  PAPNSF 	κλαίω       	         	weeping
35.4  	ἀνέβλεψεν        	VAI AAI3S  	βλέπω       	ἀνα      	looked up
35.5  	εἰς              	P          	εἰς         	         	to
35.6  	τὸν              	RA  ASM    	ὁ           	         	the
35.7  	οὐρανόν,         	N2  ASM    	οὐρανός     	         	heaven,
35.8  	ὅτι              	C          	ὅτι         	         	because
35.9  	ἦν               	V9  IAI3S  	εἰμί        	         	was
35.10 	ἡ                	RA  NSF    	ὁ           	         	the
35.11 	καρδία           	N1A NSF    	καρδία      	         	heart
35.12 	αὐτῆς            	RD  GSF    	αὐτός       	         	of her
35.13 	πεποιθυῖα        	VX  XAPNSF 	πείθω       	         	trusting
35.14 	ἐπὶ              	P          	ἐπί         	         	in
35.15 	Κυρίῳ.           	N2  DSM    	κύριος      	         	the Lord.
36.1  	εἶπαν            	VAI AAI3P  	εἶπον       	         	said
36.2  	δὲ               	X          	δέ          	         	and
36.3  	οἱ               	RA  NPM    	ὁ           	         	the
36.4  	πρεσβῦται        	N1M NPM    	πρεσβύτης   	         	old men:
36.5  	Περιπατούντων    	V2  PAPGPM 	πατέω       	περι     	as walking {gen abs}
36.6  	ἡμῶν             	RP  GP     	ἐγώ         	         	we were
36.7  	ἐν               	P          	ἐν          	         	in
36.8  	τῷ               	RA  DSM    	ὁ           	         	the
36.9  	παραδείσῳ        	N2  DSM    	παράδεισος  	         	garden
36.10 	μόνων            	A1  GPM    	μόνος       	         	alone
36.11 	εἰσῆλθεν         	VBI AAI3S  	ἔρχομαι     	εἰς      	entered
36.12 	αὕτη             	RD  NSF    	οὗτος       	         	this woman
36.13 	μετὰ             	P          	μετά        	         	with
36.14 	δύο              	M   GDM    	δύο         	         	two
36.15 	παιδισκῶν,       	N1  GPF    	παιδίσκη    	         	handmaids,
36.16 	καὶ              	C          	καί         	         	and
36.17 	ἀπέκλεισεν       	VAI AAI3S  	κλείω       	ἀπο      	shut
36.18 	τὰς              	RA  APF    	ὁ           	         	the
36.19 	θύρας            	N1A APF    	θύρα        	         	doors
36.20 	τοῦ              	RA  GSM    	ὁ           	         	of the
36.21 	παραδείσου       	N2  GSM    	παράδεισος  	         	garden
36.22 	καὶ              	C          	καί         	         	and
36.23 	ἀπέλυσεν         	VAI AAI3S  	λύω         	ἀπο      	sent away
36.24 	τὰς              	RA  APF    	ὁ           	         	the
36.25 	παιδίσκας.       	N1  APF    	παιδίσκη    	         	handmaids.
37.1  	καὶ              	C          	καί         	         	then
37.2  	ἦλθεν            	VBI AAI3S  	ἔρχομαι     	         	came
37.3  	πρὸς             	P          	πρός        	         	to
37.4  	αὐτὴν            	RD  ASF    	αὐτός       	         	her
37.5  	νεανίσκος,       	N2  NSM    	νεανίσκος   	         	a young man,
37.6  	ὃς               	RR  NSM    	ὅς          	         	who
37.7  	ἦν               	V9  IAI3S  	εἰμί        	         	was
37.8  	κεκρυμμένος,     	VP  XMPNSM 	κρύπτω      	         	hiding,
37.9  	καὶ              	C          	καί         	         	and
37.10 	ἀνέπεσε          	VAI AAI3S  	πίπτω       	ἀνα      	fell back / reclined / lay
37.11 	μετ’             	P          	μετά        	         	with
37.12 	αὐτῆς.           	RD  GSF    	αὐτός       	         	her.
38.1  	ἡμεῖς            	RP  NP     	ἐγώ         	         	We
38.2  	δὲ               	X          	δέ          	         	then
38.3  	ὄντες            	V9  PAPNPM 	εἰμί        	         	being
38.4  	ἐν               	P          	ἐν          	         	in
38.5  	τῇ               	RA  DSF    	ὁ           	         	the
38.6  	γωνίᾳ            	N1A DSF    	γωνία       	         	corner
38.7  	τοῦ              	RA  GSM    	ὁ           	         	of the
38.8  	παραδείσου       	N2  GSM    	παράδεισος  	         	garden,
38.9  	ἰδόντες          	VB  AAPNPM 	ὁράω        	         	seeing
38.10 	τὴν              	RA  ASF    	ὁ           	         	the
38.11 	ἀνομίαν          	N1A ASF    	ἀνομία      	         	wickedness
38.12 	ἐδράμομεν        	VBI AAI1P  	τρέχω       	         	ran
38.13 	ἐπ’              	P          	ἐπί         	         	toward
38.14 	αὐτούς·          	RD  APM    	αὐτός       	         	them;
39.1  	καὶ              	C          	καί         	         	and
39.2  	ἰδόντες          	VB  AAPNPM 	ὁράω        	         	seeing
39.3  	συγγινομένους    	V1  PMPAPM 	γίγνομαι    	συν      	being together
39.4  	αὐτούς,          	RD  APM    	αὐτός       	         	them,
39.5  	ἐκείνου          	RD  GSM    	ἐκεῖνος     	         	of that one
39.6  	μὲν              	X          	μέν         	         	-
39.7  	οὐκ              	D          	οὐ          	         	not
39.8  	ἠδυνήθημεν       	VCI API1P  	δύναμαι     	         	we were able
39.9  	ἐγκρατεῖς        	A3H NPM    	ἐγκρατής    	         	power-possessing
39.10 	γενέσθαι         	VB  AMN    	γίγνομαι    	         	to be
39.11 	διὰ              	P          	διά         	         	because
39.12 	τὸ               	RA  ASN    	ὁ           	         	the
39.13 	ἰσχύειν          	V1  PAN    	ἰσχύω       	         	to be strong
39.14 	αὐτὸν            	RD  ASM    	αὐτός       	         	him
39.15 	ὑπέρ             	P          	ὑπέρ        	         	by
39.16 	ἡμᾶς             	RP  AP     	ἐγώ         	         	us
39.17 	καὶ              	C          	καί         	         	and
39.18 	ἀνοίξαντα        	VA  AAPASM 	οἴγω        	ἀνα      	opening
39.19 	τὰς              	RA  APF    	ὁ           	         	the
39.20 	θύρας            	N1A APF    	θύρα        	         	door
39.21 	ἐκπεπηδηκέναι,   	VX  XAN    	πηδάω       	ἐκ       	to have leapt out,
40.1  	ταύτης           	RD  GSF    	οὗτος       	         	this woman
40.2  	δὲ               	X          	δέ          	         	but
40.3  	ἐπιλαβόμενοι     	VB  AMPNPM 	λαμβάνω     	ἐπι      	seizing
40.4  	ἐπηρωτῶμεν       	V3I IAI1P  	ἐρωτάω      	ἐπι      	we were asking
40.5  	τίς              	RI  NSM    	τίς         	         	who
40.6  	ἦν               	V9  IAI3S  	εἰμί        	         	was
40.7  	ὁ                	RA  NSM    	ὁ           	         	the
40.8  	νεανίσκος·       	N2  NSM    	νεανίσκος   	         	young man;
41.1  	καὶ              	C          	καί         	         	and
41.2  	οὐκ              	D          	οὐ          	         	not
41.3  	ἠθέλησεν         	VAI AAI3S  	θέλω        	         	wished
41.4  	ἀναγγεῖλαι       	VA  AAN    	ἀγγέλλω     	ἀνα      	to tell
41.5  	ἡμῖν.            	RP  DP     	ἐγώ         	         	us.
41.6  	ταῦτα            	RD  APN    	οὗτος       	         	this (is)
41.7  	μαρτυροῦμεν.     	V2  PAI1P  	μαρτυρέω    	         	our testimony.
41.8  	καὶ              	C          	καί         	         	and
41.9  	ἐπίστευσεν       	VAI AAI3S  	πιστεύω     	         	believed
41.10 	αὐτοῖς           	RD  DPM    	αὐτός       	         	them
41.11 	ἡ                	RA  NSF    	ὁ           	         	the
41.12 	συναγωγὴ         	N1  NSF    	συναγωγή    	         	assembly
41.13 	ὡς               	C          	ὡς          	         	as
41.14 	πρεσβυτέροις     	N2  DPM    	πρεσβύτερος 	         	elders
41.15 	τοῦ              	RA  GSM    	ὁ           	         	of the
41.16 	λαοῦ             	N2  GSM    	λαός        	         	people
41.17 	καὶ              	C          	καί         	         	and
41.18 	κριταῖς,         	N1M DPM    	κριτής      	         	judges,
41.19 	καὶ              	C          	καί         	         	and
41.20 	κατέκριναν       	VAI AAI3P  	κρίνω       	κατα     	they condemed
41.21 	αὐτὴν            	RD  ASF    	αὐτός       	         	her
41.22 	ἀποθανεῖν.       	VB  AAN    	θνήσκω      	ἀπο      	to death.
42.1  	ἀνεβόησεν        	VAI AAI3S  	βοάω        	ἀνα      	cried out
42.2  	δὲ               	X          	δέ          	         	but
42.3  	φωνῇ             	N1  DSF    	φωνή        	         	with voice
42.4  	μεγάλῃ           	A1  DSF    	μέγας       	         	big
42.5  	Σουσάννα         	N   NSF    	Σουσαννα    	         	Susanna
42.6  	καὶ              	C          	καί         	         	and
42.7  	εἶπεν            	VBI AAI3S  	εἶπον       	         	said
42.8  	Ὁ                	RA  NSM    	ὁ           	         	-
42.9  	θεὸς             	N2  NSM    	θεός        	         	God
42.10 	ὁ                	RA  NSM    	ὁ           	         	-
42.11 	αἰώνιος          	A1B NSM    	αἰώνιος     	         	eternal
42.12 	ὁ                	RA  NSM    	ὁ           	         	the
42.13 	τῶν              	RA  GPN    	ὁ           	         	-
42.14 	κρυπτῶν          	A1  GPN    	κρυπτός     	         	secret
42.15 	γνώστης,         	N1M NSM    	γνώστης     	         	knower,
42.16 	ὁ                	RA  NSM    	ὁ           	         	the
42.17 	εἰδὼς            	VX  XAPNSM 	οἶδα        	         	knowing
42.18 	τὰ               	RA  APN    	ὁ           	         	-
42.19 	πάντα            	A3  APN    	πᾶς         	         	all [things]
42.20 	πρὶν             	D          	πρίν        	         	before
42.21 	γενέσεως         	N3I GSF    	γένεσις     	         	beginning
42.22 	αὐτῶν,           	RD  GPM    	αὐτός       	         	of them,
43.1  	σὺ               	RP  NS     	σύ          	         	you
43.2  	ἐπίστασαι        	V6  PMI2S  	ἐπίσταμαι   	         	know
43.3  	ὅτι              	C          	ὅτι         	         	that
43.4  	ψευδῆ            	A3H APN    	ψευδής      	         	false
43.5  	μου              	RP  GS     	ἐγώ         	         	of me
43.6  	κατεμαρτύρησαν·  	VAI AAI3P  	μαρτυρέω    	κατα     	they testified;
43.7  	καὶ              	C          	καί         	         	and
43.8  	ἰδοὺ             	VB  AMD2S  	ὁράω        	         	look
43.9  	ἀποθνήσκω,       	V1  PAI1S  	θνήσκω      	ἀπο      	I am dying,
43.10 	μὴ               	D          	μή          	         	not
43.11 	ποιήσασα         	VA  AAPNSF 	ποιέω       	         	doing
43.12 	μηδὲν            	A3P ASN    	μηδείς      	         	nothing
43.13 	ὧν               	RR  GPN    	ὅς          	         	which
43.14 	οὗτοι            	RD  NPM    	οὗτος       	         	these [men]
43.15 	ἐπονηρεύσαντο    	VAI AMI3P  	πονηρεύω    	         	invented
43.16 	κατ’             	P          	κατά        	         	against
43.17 	ἐμοῦ.            	RP  GS     	ἐγώ         	         	me.
44.1  	Καὶ              	C          	καί         	         	And
44.2  	εἰσήκουσεν       	VAI AAI3S  	ἀκούω       	εἰς      	heard
44.3  	Κύριος           	N2  NSM    	κύριος      	         	the Lord
44.4  	τῆς              	RA  GSF    	ὁ           	         	the
44.5  	φωνῆς            	N1  GSF    	φωνή        	         	voice
44.6  	αὐτῆς.           	RD  GSF    	αὐτός       	         	of her.
45.1  	καὶ              	C          	καί         	         	and
45.2  	ἀπαγομένης       	V1  PMPGSF 	ἄγω         	ἀπο      	when led
45.3  	αὐτῆς            	RD  GSF    	αὐτός       	         	her
45.4  	ἀπολέσθαι,       	VB  AMN    	ὀλλύω       	ἀπο      	to execution,
45.5  	ἐξήγειρεν        	V1I IAI3S  	ἀγείρω      	ἐκ       	raised up
45.6  	ὁ                	RA  NSM    	ὁ           	         	-
45.7  	θεὸς             	N2  NSM    	θεός        	         	God
45.8  	τὸ               	RA  ASN    	ὁ           	         	the
45.9  	πνεῦμα           	N3M ASN    	πνεῦμα      	         	spirit
45.10 	τὸ               	RA  ASN    	ὁ           	         	-
45.11 	ἅγιον            	A1A ASM    	ἅγιος       	         	holy
45.12 	παιδαρίου        	N2N GSN    	παιδάριον   	         	of boy
45.13 	νεωτέρου         	A1A GSNC   	νέος        	         	young
45.14 	ᾧ                	RR  DSM    	ὅς          	         	who
45.15 	ὄνομα            	N3M NSN    	ὄνομα       	         	name
45.16 	Δανιὴλ.          	N   NSM    	Δανιηλ      	         	Daniel.
46.1  	καὶ              	C          	καί         	         	and
46.2  	ἐβόησεν          	VAI AAI3S  	βοάω        	         	he cried out
46.3  	φωνῇ             	N1  DSF    	φωνή        	         	[with] voice
46.4  	μεγάλῃ           	A1  DSF    	μέγας       	         	large:
46.5  	Ἀθῷος            	A1  NSM    	ἀθῷος       	         	Innocent
46.6  	ἐγὼ              	RP  NS     	ἐγώ         	         	[am] I
46.7  	ἀπὸ              	P          	ἀπό         	         	from
46.8  	τοῦ              	RA  GSN    	ὁ           	         	the
46.9  	αἵματος          	N3M GSN    	αἷμα        	         	blood
46.10 	ταύτης.          	RD  GSF    	οὗτος       	         	of this [woman].
47.1  	ἐπέστρεψεν       	VAI AAI3S  	στρέφω      	ἐπι      	turned
47.2  	δὲ               	X          	δέ          	         	-
47.3  	πᾶς              	A3  NSM    	πᾶς         	         	all
47.4  	ὁ                	RA  NSM    	ὁ           	         	the
47.5  	λαὸς             	N2  NSM    	λαός        	         	people
47.6  	πρὸς             	P          	πρός        	         	toward
47.7  	αὐτὸν            	RD  ASM    	αὐτός       	         	him
47.8  	καὶ              	C          	καί         	         	and
47.9  	εἶπαν            	VAI AAI3P  	εἶπον       	         	said:
47.10 	Τίς              	RI  NSM    	τίς         	         	What [is]
47.11 	ὁ                	RA  NSM    	ὁ           	         	the
47.12 	λόγος            	N2  NSM    	λόγος       	         	statement
47.13 	οὗτος            	RD  NSM    	οὗτος       	         	this
47.14 	ὃν               	RR  ASM    	ὅς          	         	which
47.15 	σὺ               	RP  NS     	σύ          	         	you
47.16 	λελάληκας;       	VX  XAI2S  	λαλέω       	         	have said?
48.1  	ὁ                	RA  NSM    	ὁ           	         	he
48.2  	δὲ               	X          	δέ          	         	-
48.3  	στὰς             	VH  AAPNSM 	ἵστημι      	         	standing
48.4  	ἐν               	P          	ἐν          	         	in
48.5  	μέσῳ             	A1  DSM    	μέσος       	         	[the] midsth
48.6  	αὐτῶν            	RD  GPM    	αὐτός       	         	of them
48.7  	εἶπεν            	VBI AAI3S  	εἶπον       	         	said:
48.8  	Οὕτως            	D          	οὕτως       	         	How
48.9  	μωροί,           	A1A NPM    	μωρός       	         	stupid [are]
48.10 	οἱ               	RA  NPM    	ὁ           	         	the
48.11 	υἱοὶ             	N2  NPM    	υἱός        	         	sons
48.12 	Ισραηλ;          	N   GSM    	Ισραηλ      	         	of Israel?
48.13 	οὐκ              	D          	οὐ          	         	not
48.14 	ἀνακρίναντες     	VA  AAPNPM 	κρίνω       	ἀνα      	investigating
48.15 	οὐδὲ             	C          	οὐδέ        	         	nor
48.16 	τὸ               	RA  ASN    	ὁ           	         	the
48.17 	σαφὲς            	A3H ASN    	σαφής       	         	clear
48.18 	ἐπιγνόντες       	VZ  AAPNPM 	γιγνώσκω    	ἐπι      	knowing
48.19 	κατεκρίνατε      	VAI AAI2P  	κρίνω       	κατα     	judged
48.20 	θυγατέρα         	N3  ASF    	θυγάτηρ     	         	a daughter
48.21 	Ισραηλ;          	N   GSM    	Ισραηλ      	         	of Israel?
49.1  	ἀναστρέψατε      	VA  AAD2P  	στρέφω      	ἀνα      	return
49.2  	εἰς              	P          	εἰς         	         	to
49.3  	τὸ               	RA  ASN    	ὁ           	         	the
49.4  	κριτήριον·       	N2N ASN    	κριτήριον   	         	court;
49.5  	ψευδῆ            	A3H APN    	ψευδής      	         	false
49.6  	γὰρ              	X          	γάρ         	         	for
49.7  	οὗτοι            	RD  NPM    	οὗτος       	         	these
49.8  	κατεμαρτύρησαν   	VAI AAI3P  	μαρτυρέω    	κατα     	testified against
49.9  	αὐτῆς.           	RD  GSF    	αὐτός       	         	her.
50.1  	καὶ              	C          	καί         	         	and
50.2  	ἀνέστρεψεν       	VAI AAI3S  	στρέφω      	ἀνα      	turned
50.3  	πᾶς              	A3  NSM    	πᾶς         	         	all
50.4  	ὁ                	RA  NSM    	ὁ           	         	the
50.5  	λαὸς             	N2  NSM    	λαός        	         	people
50.6  	μετὰ             	P          	μετά        	         	with
50.7  	σπουδῆς.         	N1  GSF    	σπουδή      	         	haste.
50.8  	καὶ              	C          	καί         	         	and
50.9  	εἶπαν            	VAI AAI3P  	εἶπον       	         	said
50.10 	αὐτῷ             	RD  DSM    	αὐτός       	         	to him
50.11 	οἱ               	RA  NPM    	ὁ           	         	the
50.12 	πρεσβύτεροι      	N2  NPM    	πρεσβύτερος 	         	elders:
50.13 	Δεῦρο            	D          	δεῦρο       	         	Here
50.14 	κάθισον          	VA  AAD2S  	ἵζω         	κατα     	sit down
50.15 	ἐν               	P          	ἐν          	         	in
50.16 	μέσῳ             	A1  DSM    	μέσος       	         	middle
50.17 	ἡμῶν             	RP  GP     	ἐγώ         	         	of us
50.18 	καὶ              	C          	καί         	         	and
50.19 	ἀνάγγειλον       	VA  AAD2S  	ἀγγέλλω     	ἀνα      	inform
50.20 	ἡμῖν,            	RP  DP     	ἐγώ         	         	us,
50.21 	ὅτι              	C          	ὅτι         	         	because
50.22 	σοὶ              	RP  DS     	σύ          	         	to you
50.23 	δέδωκεν          	VX  XAI3S  	δίδωμι      	         	have given
50.24 	ὁ                	RA  NSM    	ὁ           	         	-
50.25 	θεὸς             	N2  NSM    	θεός        	         	God
50.26 	τὸ               	RA  ASN    	ὁ           	         	-
50.27 	πρεσβεῖον.       	N2N ASN    	πρεσβεῖον   	         	eldership.
51.1  	καὶ              	C          	καί         	         	and
51.2  	εἶπεν            	VBI AAI3S  	εἶπον       	         	said
51.3  	πρὸς             	P          	πρός        	         	to
51.4  	αὐτοὺς           	RD  APM    	αὐτός       	         	them
51.5  	Δανιήλ           	N   NSM    	Δανιηλ      	         	Daniel:
51.6  	Διαχωρίσατε      	VA  AAD2P  	χωρίζω      	δια      	Separate
51.7  	αὐτοὺς           	RD  APM    	αὐτός       	         	them
51.8  	ἀπ’              	P          	ἀπό         	         	from
51.9  	ἀλλήλων          	RD  GPM    	ἀλλήλω      	         	each other
51.10 	μακράν,          	D          	μακράν      	         	far,
51.11 	καὶ              	C          	καί         	         	and
51.12 	ἀνακρινῶ         	VF2 FAI1S  	κρίνω       	ἀνα      	I will examine
51.13 	αὐτούς.          	RD  APM    	αὐτός       	         	them.
52.1  	ὡς               	C          	ὡς          	         	when
52.2  	δὲ               	X          	δέ          	         	-
52.3  	διεχωρίσθησαν    	VSI API3P  	χωρίζω      	δια      	they were separated
52.4  	εἷς              	M   NSM    	εἷς         	         	one
52.5  	ἀπὸ              	P          	ἀπό         	         	from
52.6  	τοῦ              	RA  GSM    	ὁ           	         	the
52.7  	ἑνός,            	A3  GSM    	εἷς         	         	one,
52.8  	ἐκάλεσεν         	VAI AAI3S  	καλέω       	         	he called
52.9  	τὸν              	RA  ASM    	ὁ           	         	-
52.10 	ἕνα              	A3  ASM    	εἷς         	         	one
52.11 	αὐτῶν            	RD  GPM    	αὐτός       	         	of them
52.12 	καὶ              	C          	καί         	         	and
52.13 	εἶπεν            	VBI AAI3S  	εἶπον       	         	said
52.14 	πρὸς             	P          	πρός        	         	to
52.15 	αὐτόν            	RD  ASM    	αὐτός       	         	him:
52.16 	Πεπαλαιωμένε     	VM  XMPVSM 	παλαιόω     	         	Aged
52.17 	ἡμερῶν           	N1A GPF    	ἡμέρα       	         	of days
52.18 	κακῶν,           	A1  GPF    	κακός       	         	evil,
52.19 	νῦν              	D          	νῦν         	         	now
52.20 	ἥκασιν           	V1  PAI3P  	ἥκω         	         	have come
52.21 	αἱ               	RA  NPF    	ὁ           	         	the
52.22 	ἁμαρτίαι         	N1A NPF    	ἁμαρτία     	         	sins
52.23 	σου              	RP  GS     	σύ          	         	of you
52.24 	ἃς               	RR  APF    	ὅς          	         	which
52.25 	ἐποίεις          	V2I IAI2S  	ποιέω       	         	you did
52.26 	τὸ               	RA  ASN    	ὁ           	         	[in] the
52.27 	πρότερον,        	A1  ASN    	πρότερος    	         	past,
53.1  	κρίνων           	V1  PAPNSM 	κρίνω       	         	judging
53.2  	κρίσεις          	N3I APF    	κρίσις      	         	judgement
53.3  	ἀδίκους,         	A1B APF    	ἄδικος      	         	unjust,
53.4  	καὶ              	C          	καί         	         	and
53.5  	τοὺς             	RA  APM    	ὁ           	         	the
53.6  	μὲν              	X          	μέν         	         	-
53.7  	ἀθῴους           	A1  APM    	ἀθῷος       	         	innocent
53.8  	κατακρίνων,      	V1  PAPNSM 	κρίνω       	κατα     	condemning,
53.9  	ἀπολύων          	V1  PAPNSM 	λύω         	ἀπο      	freeing
53.10 	δὲ               	X          	δέ          	         	-
53.11 	τοὺς             	RA  APM    	ὁ           	         	the
53.12 	αἰτίους,         	A1A APM    	αἴτιος      	         	guilty,
53.13 	λέγοντος         	V1  PAPGSM 	λέγω        	         	while saying
53.14 	τοῦ              	RA  GSM    	ὁ           	         	the
53.15 	κυρίου           	N2  GSM    	κύριος      	         	Lord:
53.16 	Ἀθῷον            	A1  ASM    	ἀθῷος       	         	Innocent
53.17 	καὶ              	C          	καί         	         	and
53.18 	δίκαιον          	A1A ASM    	δίκαιος     	         	righteous
53.19 	οὐκ              	D          	οὐ          	         	not
53.20 	ἀποκτενεῖς.      	VF2 FAI2S  	κτείνω      	ἀπο      	you will put to death.
54.1  	νῦν              	D          	νῦν         	         	now
54.2  	οὖν              	X          	οὖν         	         	then
54.3  	ταύτην           	RD  ASF    	οὗτος       	         	this [woman]
54.4  	εἴπερ            	C          	εἴπερ       	         	if
54.5  	ἴδες,            	VBI AAI2S  	ὁράω        	         	you saw,
54.6  	εἰπόν            	VBI AAD2S  	εἶπον       	         	say:
54.7  	Ὑπὸ              	P          	ὑπό         	         	Under
54.8  	τί               	RI  ASN    	τίς         	         	which
54.9  	δένδρον          	N2N ASN    	δένδρον     	         	tree
54.10 	ἴδες             	VBI AAI2S  	ὁράω        	         	you saw
54.11 	αὐτοὺς           	RD  APM    	αὐτός       	         	them
54.12 	ὁμιλοῦντας       	V2  PAPAPM 	ὁμιλέω      	         	conversing
54.13 	ἀλλήλοις;        	RD  DPM    	ἀλλήλω      	         	together?
54.14 	ὁ                	RA  NSM    	ὁ           	         	he
54.15 	δὲ               	X          	δέ          	         	-
54.16 	εἶπεν            	VBI AAI3S  	εἶπον       	         	said:
54.17 	Ὑπὸ              	P          	ὑπό         	         	Under
54.18 	σχῖνον.          	N2  ASF    	σχῖνος      	         	mastic.
55.1  	εἶπεν            	VBI AAI3S  	εἶπον       	         	said
55.2  	δὲ               	X          	δέ          	         	-
55.3  	Δανιήλ           	N   NSM    	Δανιηλ      	         	Daniel:
55.4  	Ὀρθῶς            	D          	ὀρθῶς       	         	Correctly
55.5  	ἔψευσαι          	VM  XMI2S  	ψεύδομαι    	         	you have lied
55.6  	εἰς              	P          	εἰς         	         	to
55.7  	τὴν              	RA  ASF    	ὁ           	         	the
55.8  	σεαυτοῦ          	RD  GSM    	σεαυτοῦ     	         	of you
55.9  	κεφαλήν·         	N1  ASF    	κεφαλή      	         	head;
55.10 	ἤδη              	D          	ἤδη         	         	now
55.11 	γὰρ              	X          	γάρ         	         	for
55.12 	ἄγγελος          	N2  NSM    	ἄγγελος     	         	angel
55.13 	τοῦ              	RA  GSM    	ὁ           	         	of
55.14 	θεοῦ             	N2  GSM    	θεός        	         	God
55.15 	λαβὼν            	VB  AAPNSM 	λαμβάνω     	         	having received
55.16 	φάσιν            	V6  PAI3P  	φημί        	         	they say
55.17 	παρὰ             	P          	παρά        	         	from
55.18 	τοῦ              	RA  GSM    	ὁ           	         	-
55.19 	θεοῦ             	N2  GSM    	θεός        	         	God
55.20 	σχίσει           	VF  FAI2S  	σχίζω       	         	will split
55.21 	σε               	RP  AS     	σύ          	         	you
55.22 	μέσον.           	A1  ASM    	μέσος       	         	middle.
56.1  	καὶ              	C          	καί         	         	and
56.2  	μεταστήσας       	VA  AAPNSM 	ἵστημι      	μετα     	putting aside
56.3  	αὐτὸν            	RD  ASM    	αὐτός       	         	him
56.4  	ἐκέλευσεν        	VAI AAI3S  	κελεύω      	         	he commanded
56.5  	προσαγαγεῖν      	VB  AAN    	ἄγω         	προς     	to bring
56.6  	τὸν              	RA  ASM    	ὁ           	         	the
56.7  	ἕτερον·          	A1A ASM    	ἕτερος      	         	other;
56.8  	καὶ              	C          	καί         	         	and
56.9  	εἶπεν            	VBI AAI3S  	εἶπον       	         	said
56.10 	αὐτῷ             	RD  DSM    	αὐτός       	         	to him
56.11 	Σπέρμα           	N3M VSN    	σπέρμα      	         	Seed
56.12 	Χανάαν           	N   GSM    	Χανααν      	         	of Canaan
56.13 	καὶ              	C          	καί         	         	and
56.14 	οὐκ              	D          	οὐ          	         	not
56.15 	Ἰούδα,           	N   GSM    	Ιουδα       	         	of Judah,
56.16 	τὸ               	RA  NSN    	ὁ           	         	-
56.17 	κάλλος           	N3E NSN    	κάλλος      	         	beauty
56.18 	ἐξηπάτησέν       	VAI AAI3S  	ἀπατάω      	ἐκ       	cheated
56.19 	σε,              	RP  AS     	σύ          	         	you,
56.20 	καὶ              	C          	καί         	         	and
56.21 	ἐπιθυμία         	N1A NSF    	ἐπιθυμία    	         	lust
56.22 	διέστρεψεν       	VAI AAI3S  	στρέφω      	δια      	twisted
56.23 	τὴν              	RA  ASF    	ὁ           	         	the
56.24 	καρδίαν          	N1A ASF    	καρδία      	         	heart
56.25 	σου.             	RP  GS     	σύ          	         	of you.
57.1  	οὕτως            	D          	οὕτως       	         	thus
57.2  	ἐποιεῖτε         	V2I IAI2P  	ποιέω       	         	you did
57.3  	θυγατράσιν       	N3  DPF    	θυγάτηρ     	         	with daughters
57.4  	Ισραηλ,          	N   GSM    	Ισραηλ      	         	of Israel,
57.5  	καὶ              	C          	καί         	         	and
57.6  	ἐκεῖναι          	RD  NPF    	ἐκεῖνος     	         	those
57.7  	φοβούμεναι       	V2  PMPNPF 	φοβέω       	         	fearing
57.8  	ὡμίλουν          	V2I IAI3P  	ὁμιλέω      	         	consorted
57.9  	ὑμῖν·            	RP  DP     	σύ          	         	with you;
57.10 	ἀλλ’             	C          	ἀλλά        	         	but
57.11 	οὐ               	D          	οὐ          	         	not
57.12 	θυγάτηρ          	N3  NSF    	θυγάτηρ     	         	daughter
57.13 	Ἰούδα            	N   GSM    	Ιουδα       	         	of Judah
57.14 	ὑπέμεινεν        	VAI AAI3S  	μένω        	ὑπο      	endured
57.15 	τὴν              	RA  ASF    	ὁ           	         	the
57.16 	ἀνομίαν          	N1A ASF    	ἀνομία      	         	wickedness
57.17 	ὑμῶν.            	RP  GP     	σύ          	         	of you.
58.1  	νῦν              	D          	νῦν         	         	now
58.2  	οὖν              	X          	οὖν         	         	therefore
58.3  	λέγε             	V1  PAD2S  	λέγω        	         	say
58.4  	μοι              	RP  DS     	ἐγώ         	         	to me:
58.5  	Ὑπὸ              	P          	ὑπό         	         	Under
58.6  	τί               	RI  ASN    	τίς         	         	what
58.7  	δένδρον          	N2N ASN    	δένδρον     	         	tree
58.8  	κατέλαβες        	VBI AAI2S  	λαμβάνω     	κατα     	you took
58.9  	αὐτοὺς           	RD  APM    	αὐτός       	         	them
58.10 	ὁμιλοῦντας       	V2  PAPAPM 	ὁμιλέω      	         	consorting
58.11 	ἀλλήλοις;        	RD  DPM    	ἀλλήλω      	         	together?
58.12 	ὁ                	RA  NSM    	ὁ           	         	he
58.13 	δὲ               	X          	δέ          	         	-
58.14 	εἶπεν            	VBI AAI3S  	εἶπον       	         	said:
58.15 	Ὑπὸ              	P          	ὑπό         	         	Under
58.16 	πρῖνον.          	N2  ASF    	πρῖνος      	         	oak.
59.1  	εἶπεν            	VBI AAI3S  	εἶπον       	         	said
59.2  	δὲ               	X          	δέ          	         	-
59.3  	αὐτῷ             	RD  DSM    	αὐτός       	         	to him
59.4  	Δανιήλ           	N   NSM    	Δανιηλ      	         	Daniel:
59.5  	’Ορθῶς           	D          	ὀρθῶς       	         	Correctly
59.6  	ἔψευσαι          	VM  XMI2S  	ψεύδομαι    	         	you have lied
59.7  	καὶ              	C          	καί         	         	and
59.8  	σὺ               	RP  NS     	σύ          	         	you
59.9  	εἰς              	P          	εἰς         	         	in
59.10 	τὴν              	RA  ASF    	ὁ           	         	the
59.11 	σεαυτοῦ          	RD  GSM    	σεαυτοῦ     	         	your
59.12 	κεφαλήν·         	N1  ASF    	κεφαλή      	         	head;
59.13 	μένει            	V1  PAI3S  	μένω        	         	waits
59.14 	γὰρ              	X          	γάρ         	         	for
59.15 	ὁ                	RA  NSM    	ὁ           	         	the
59.16 	ἄγγελος          	N2  NSM    	ἄγγελος     	         	angel
59.17 	τοῦ              	RA  GSM    	ὁ           	         	-
59.18 	θεοῦ             	N2  GSM    	θεός        	         	God
59.19 	τὴν              	RA  ASF    	ὁ           	         	the
59.20 	ῥομφαίαν         	N1A ASF    	ῥομφαία     	         	sword
59.21 	ἔχων             	V1  PAPNSM 	ἔχω         	         	having
59.22 	πρίσαι           	VA  AAN    	πρίω        	         	to cut
59.23 	σε               	RP  AS     	σύ          	         	you
59.24 	μέσον,           	A1  ASM    	μέσος       	         	middle,
59.25 	ὅπως             	C          	ὅπως        	         	so that
59.26 	ἐξολεθρεύσῃ      	VF  FAI3S  	ὀλεθρεύω    	ἐκ       	destroy
59.27 	ὑμᾶς.            	RP  AP     	σύ          	         	you.
60.1  	Καὶ              	C          	καί         	         	And
60.2  	ἀνεβόησεν        	VAI AAI3S  	βοάω        	ἀνα      	cried
60.3  	πᾶσα             	A1S NSF    	πᾶς         	         	all
60.4  	ἡ                	RA  NSF    	ὁ           	         	the
60.5  	συναγωγὴ         	N1  NSF    	συναγωγή    	         	assembly
60.6  	φωνῇ             	N1  DSF    	φωνή        	         	with voice
60.7  	μεγάλῃ,          	A1  DSF    	μέγας       	         	loud,
60.8  	καὶ              	C          	καί         	         	and
60.9  	εὐλόγησαν        	VA  AAI3P  	εὐλογέω     	         	praised
60.10 	τῷ               	RA  DSM    	ὁ           	         	-
60.11 	θεῷ              	N2  DSM    	θεός        	         	God
60.12 	τῷ               	RA  DSM    	ὁ           	         	the [one]
60.13 	σώζοντι          	V1  PAPDSM 	σώζω        	         	saving
60.14 	τοὺς             	RA  APM    	ὁ           	         	the [ones]
60.15 	ἐλπίζοντας       	V1  PAPAPM 	ἐλπίζω      	         	hoping
60.16 	ἐπ’              	P          	ἐπί         	         	in
60.17 	αὐτόν.           	RD  ASM    	αὐτός       	         	him.
61.1  	καὶ              	C          	καί         	         	and
61.2  	ἀνέστησαν        	VHI AAI3P  	ἵστημι      	ἀνα      	they rose up
61.3  	ἐπὶ              	P          	ἐπί         	         	against
61.4  	τοὺς             	RA  APM    	ὁ           	         	the
61.5  	δύο              	M   ADM    	δύο         	         	two
61.6  	πρεσβύτας,       	N1M APM    	πρεσβύτης   	         	old men,
61.7  	ὅτι              	C          	ὅτι         	         	because
61.8  	συνέστησεν       	VAI AAI3S  	ἵστημι      	συν      	set together
61.9  	αὐτοὺς           	RD  APM    	αὐτός       	         	them
61.10 	Δανιὴλ           	N   NSM    	Δανιηλ      	         	Daniel
61.11 	ἐκ               	P          	ἐκ          	         	out of
61.12 	τοῦ              	RA  GSN    	ὁ           	         	the
61.13 	στόματος         	N3M GSN    	στόμα       	         	mouth
61.14 	αὐτῶν            	RD  GPM    	αὐτός       	         	of them
61.15 	ψευδομάρτυρας    	Ν3  APM    	ψευδομάρτυς 	         	false-witness
61.16 	ὄντας,           	V9  PAPAPM 	εἰμι        	         	being
61.17 	καὶ              	C          	καί         	         	and
61.18 	ἐποίησαν         	VAI AAI3P  	ποιέω       	         	they did
61.19 	αὐτοῖς           	RD  DPM    	αὐτός       	         	to them
61.20 	ὃν               	RR  ASM    	ὅς          	         	what
61.21 	τρόπον           	N2  ASM    	τρόπος      	         	manner
61.22 	ἐπονηρεύσαντο    	VAI AMI3P  	πονηρεύω    	         	they acted wickedly
61.23 	τῷ               	RA  DSM    	ὁ           	         	to the
61.24 	πλησίον,         	D          	πλησίον     	         	neighbour,
62.1  	ποιῆσαι          	VA  AAN    	ποιέω       	         	to do
62.2  	κατὰ             	P          	κατά        	         	according
62.3  	τὸν              	RA  ASM    	ὁ           	         	to the
62.4  	νόμον            	N2  ASM    	νόμος       	         	law
62.5  	Μωυσῆ,           	N1M GSM    	Μωυσῆς      	         	of Moses,
62.6  	καὶ              	C          	καί         	         	and
62.7  	ἀπέκτειναν       	VAI AAI3P  	κτείνω      	ἀπο      	they put to death
62.8  	αὐτούς·          	RD  APM    	αὐτός       	         	them;
62.9  	καὶ              	C          	καί         	         	and
62.10 	ἐσώθη            	VCI API3S  	σώζω        	         	was saved
62.11 	αἷμα             	N3M ASN    	αἷμα        	         	blood {nominative?}
62.12 	ἀναίτιον         	A1A ASN    	ἀναίτιος    	         	innocent
62.13 	ἐν               	P          	ἐν          	         	on
62.14 	τῇ               	RA  DSF    	ὁ           	         	-
62.15 	ἡμέρᾳ            	N1A DSF    	ἡμέρα       	         	day
62.16 	ἐκείνῃ.          	RD  DSF    	ἐκεῖνος     	         	that.
63.1  	Χελκίας          	N   NSM    	Χελκιας     	         	Hilkiah
63.2  	δὲ               	X          	δέ          	         	-
63.3  	καὶ              	C          	καί         	         	and
63.4  	ἡ                	RA  NSF    	ὁ           	         	the
63.5  	γυνὴ             	N3K NSF    	γυνή        	         	wife
63.6  	αὐτοῦ            	RD  GSM    	αὐτός       	         	of him
63.7  	ᾔνεσαν           	VAI AAI3P  	αἰνέω       	         	praised
63.8  	περὶ             	P          	περί        	         	concerning
63.9  	τῆς              	RA  GSF    	ὁ           	         	the
63.10 	θυγατρὸς         	N3  GSF    	θυγάτηρ     	         	daughter
63.11 	αὐτῶν            	RD  GPM    	αὐτός       	         	of them
63.12 	μετὰ             	P          	μετά        	         	with
63.13 	Ἰωακεὶμ          	N   GSM    	Ιωακιμ      	         	Joakim
63.14 	τοῦ              	RA  GSM    	ὁ           	         	the
63.15 	ἀνδρὸς           	N3  GSM    	ἀνήρ        	         	husband
63.16 	αὐτῆς            	RD  GSF    	αὐτός       	         	of her
63.17 	καὶ              	C          	καί         	         	and
63.18 	τῶν              	RA  GPM    	ὁ           	         	the
63.19 	συνγενῶν         	A3H GPM    	συγγενής    	         	kindred
63.20 	πάντων,          	A3  GPM    	πᾶς         	         	all,
63.21 	ὅτι              	C          	ὅτι         	         	because
63.22 	οὐχ              	D          	οὐ          	         	not
63.23 	εὑρέθη           	VC  API3S  	εὑρίσκω     	         	was found
63.24 	ἐν               	P          	ἐν          	         	in
63.25 	αὐτῇ             	RD  DSF    	αὐτός       	         	her
63.26 	ἄσχημον          	A3N ASN    	ἀσχήμων     	         	shamful
63.27 	πρᾶγμα.          	N3M ASN    	πρᾶγμα      	         	deed.
64.1  	Καὶ              	C          	καί         	         	And
64.2  	Δανιὴλ           	N   NSM    	Δανιηλ      	         	Daniel
64.3  	ἐγένετο          	VBI AMI3S  	γίγνομαι    	         	became
64.4  	μέγας            	A1P NSM    	μέγας       	         	great
64.5  	ἐνώπιον          	D   P      	ἐνώπιον     	         	face-to-face
64.6  	τοῦ              	RA  GSM    	ὁ           	         	of the
64.7  	λαοῦ             	N2  GSM    	λαός        	         	people
64.8  	ἀπὸ              	P          	ἀπό         	         	from
64.9  	τῆς              	RA  GSF    	ὁ           	         	-
64.10 	ἡμέρας           	N1A GSF    	ἡμέρα       	         	day
64.11 	ἐκείνης          	RD  GSF    	ἐκεῖνος     	         	that
64.12 	καὶ              	C          	καί         	         	and
64.13 	ἐπέκεινα.        	D          	ἐπέκεινα    	         	beyond.
